product_id,sigma_C20,sigma_C21,sigma_S21,sigma_C22,sigma_S22
reference_figure_residual,2.00001957194318E-11,8.775592796954E-14,9.78714145012E-14,1.359212510532E-13,1.298328942484E-13