model_key,case_id,sign_hypothesis,available,g_model_C20,g_model_C21,g_model_S21,g_model_C22,g_model_S22
S40RTS,A_full_mantle,adopted_density_equals_negative_velocity,TRUE,-0.24812597016697300,0.22283970770495300,-0.1800039964103300,0.17110397325989300,0.9094492614817260
TX2011,A_full_mantle,adopted_density_equals_negative_velocity,TRUE,-0.43244216521144300,0.05156198366770620,-0.06446627567914520,0.1177641435981970,0.8901184423267130
SEISGLOB2,A_full_mantle,adopted_density_equals_negative_velocity,TRUE,-0.1329532653215450,0.2480539044908210,-0.004267612139942890,0.1776959696876750,0.9429732867640410
SPani,A_full_mantle,adopted_density_equals_negative_velocity,TRUE,-0.40753571748842300,0.10295040825792700,-0.143295868715382,0.2605604575545370,0.8572574842944190
SEMUCB_WM1,A_full_mantle,adopted_density_equals_negative_velocity,TRUE,-0.3224395325768290,0.08125708401589060,-0.10666075222370000,0.16261092449162200,0.9228278308004830
CSEM2_Globe_RHO,A_full_mantle,adopted_supplied_density,TRUE,-0.5126493333445930,-0.03001168192492950,-0.1616770800247850,-0.002035379577543010,0.8427018090606050
CSEM2_Globe_VSV,A_full_mantle,adopted_density_equals_negative_velocity,TRUE,-0.48680055128644900,0.19836288148041700,0.13407324854274100,-0.03593995211451810,0.8392914120764010
UNICA25_absolute_Vp,A_full_mantle,adopted_density_equals_negative_velocity,TRUE,-0.5047125289779960,0.23012980555011600,-0.043951700825979700,0.5675182343246050,0.6068746471831620